{
	"matrix": [
		[
			510.13264937413703,
			0.0,
			318.47581469800406
		],
		[
			0.0,
			508.74555362062637,
			242.77540775063073
		],
		[
			0.0,
			0.0,
			1.0
		]
	],
	"distortion": [
		[
			0.3416356148805541,
			-1.9615974755055157,
			-0.0009592208119235944,
			-0.0005838302688751688,
			3.917550554681181
		]
	],
	"mean_error": 0.03230062518218026,
	"fovx": 1.120485602751854,
	"fovy": 0.8815842813820335
}